<?xml version="1.0" encoding="UTF-8"?>
<metadata modelVersion="1.1.0">
  <groupId>com.yino</groupId>
  <artifactId>yino-parent</artifactId>
  <version>2.11.1-SNAPSHOT</version>
  <versioning>
    <snapshot>
      <localCopy>true</localCopy>
    </snapshot>
    <lastUpdated>20170405103631</lastUpdated>
    <snapshotVersions>
      <snapshotVersion>
        <extension>pom</extension>
        <value>2.11.1-SNAPSHOT</value>
        <updated>20170405103631</updated>
      </snapshotVersion>
    </snapshotVersions>
  </versioning>
</metadata>
